,2020-11-03
0,A
1,AA
2,AAC
3,AAL
4,AAN
5,AAOI
6,AAON
7,AAP
8,AAPL
9,AAT
10,AAWW
11,AAXN
12,ABAX
13,ABBV
14,ABC
15,ABCB
16,ABCD
17,ABCO
18,ABEO
19,ABG
20,ABM
21,ABMD
22,ABT
23,ABTX
24,AC
25,ACAD
26,ACBI
27,ACC
28,ACCO
29,ACET
30,ACGL
31,ACHC
32,ACHN
33,ACIA
34,ACIW
35,ACLS
36,ACM
37,ACN
38,ACNB
39,ACOR
40,ACRE
41,ACRS
42,ACTA
43,ACTG
44,ACXM
45,ADBE
46,ADC
47,ADES
48,ADI
49,ADM
50,ADMS
51,ADNT
52,ADP
53,ADRO
54,ADS
55,ADSK
56,ADSW
57,ADTN
58,ADUS
59,ADXS
60,AE
61,AEE
62,AEGN
63,AEIS
64,AEL
65,AEO
66,AEP
67,AERI
68,AES
69,AET
70,AF
71,AFAM
72,AFG
73,AFH
74,AFI
75,AFL
76,AFSI
77,AGCO
78,AGEN
79,AGFS
80,AGII
81,AGIO
82,AGM
83,AGN
84,AGNC
85,AGO
86,AGR
87,AGX
88,AGYS
89,AHH
90,AHL
91,AHP
92,AHT
93,AI
94,AIG
95,AIMC
96,AIMT
97,AIN
98,AIR
99,AIT
100,AIV
101,AIZ
102,AJG
103,AJRD
104,AJX
105,AKAM
106,AKAO
107,AKBA
108,AKR
109,AKRX
110,AKS
111,AKTS
112,AL
113,ALB
114,ALCO
115,ALDR
116,ALE
117,ALEX
118,ALG
119,ALGN
120,ALGT
121,ALJ
122,ALK
123,ALKS
124,ALL
125,ALLE
126,ALLY
127,ALNY
128,ALOG
129,ALR
130,ALRM
131,ALSN
132,ALX
133,ALXN
134,AMAG
135,AMAT
136,AMBA
137,AMBC
138,AMBR
139,AMC
140,AMCX
141,AMD
142,AME
143,AMED
144,AMG
145,AMGN
146,AMH
147,AMKR
148,AMN
149,AMNB
150,AMOT
151,AMP
152,AMPH
153,AMRC
154,AMRI
155,AMSF
156,AMSWA
157,AMT
158,AMTD
159,AMWD
160,AMZN
161,AN
162,ANAB
163,ANAT
164,ANCX
165,ANDE
166,ANET
167,ANF
168,ANGI
169,ANGO
170,ANH
171,ANIK
172,ANIP
173,ANSS
174,ANTM
175,AOBC
176,AON
177,AOS
178,AOSL
179,AP
180,APA
181,APAM
182,APC
183,APD
184,APEI
185,APH
186,APLE
187,APOG
188,APPF
189,APTI
190,APTS
191,AQMS
192,AR
193,ARA
194,ARAY
195,ARC
196,ARCB
197,ARCH
198,ARD
199,ARDX
200,ARE
201,AREX
202,ARI
203,ARII
204,ARMK
205,ARNA
206,ARNC
207,AROC
208,AROW
209,ARR
210,ARRS
211,ARRY
212,ARTNA
213,ARW
214,ASB
215,ASBB
216,ASC
217,ASCMA
218,ASGN
219,ASH
220,ASIX
221,ASMB
222,ASNA
223,ASPS
224,AST
225,ASTE
226,AT
227,ATEN
228,ATGE
229,ATH
230,ATHN
231,ATHX
232,ATI
233,ATKR
234,ATLO
235,ATNI
236,ATO
237,ATR
238,ATRA
239,ATRC
240,ATRI
241,ATRO
242,ATRS
243,ATSG
244,ATU
245,ATVI
246,ATW
247,AVA
248,AVAV
249,AVB
250,AVD
251,AVGO
252,AVHI
253,AVID
254,AVT
255,AVX
256,AVXL
257,AVXS
258,AVY
259,AWH
260,AWI
261,AWK
262,AWR
263,AXAS
264,AXDX
265,AXE
266,AXGN
267,AXL
268,AXON
269,AXP
270,AXS
271,AXTA
272,AXTI
273,AYI
274,AYR
275,AYX
276,AZO
277,AZPN
278,AZZ
279,B
280,BA
281,BABY
282,BAC
283,BAH
284,BANC
285,BANF
286,BANR
287,BAS
288,BATRA
289,BATRK
290,BAX
291,BBBY
292,BBG
293,BBGI
294,BBSI
295,BBT
296,BBW
297,BBY
298,BC
299,BCBP
300,BCC
301,BCEI
302,BCO
303,BCOR
304,BCOV
305,BCPC
306,BCR
307,BCRH
308,BCRX
309,BDC
310,BDE
311,BDGE
312,BDN
313,BDX
314,BEAT
315,BECN
316,BEL
317,BELFB
318,BEN
319,BERY
320,BETR
321,BF.A
322,BF.B
323,BFAM
324,BFIN
325,BFS
326,BG
327,BGC
328,BGCP
329,BGFV
330,BGG
331,BGS
332,BGSF
333,BH
334,BHB
335,BHBK
336,BHE
337,BHI
338,BHLB
339,BHVN
340,BID
341,BIG
342,BIIB
343,BIO
344,BIOS
345,BIVV
346,BJRI
347,BK
348,BKD
349,BKE
350,BKFS
351,BKH
352,BKMU
353,BKS
354,BKU
355,BL
356,BLBD
357,BLCM
358,BLD
359,BLDR
360,BLK
361,BLKB
362,BLL
363,BLMN
364,BLMT
365,BLUE
366,BLX
367,BMCH
368,BMI
369,BMRC
370,BMRN
371,BMS
372,BMTC
373,BMY
374,BNCL
375,BNED
376,BNFT
377,BOBE
378,BOCH
379,BOFI
380,BOH
381,BOJA
382,BOKF
383,BOLD
384,BOOM
385,BOOT
386,BOX
387,BPFH
388,BPI
389,BPMC
390,BPOP
391,BR
392,BRC
393,BRCD
394,BREW
395,BRG
396,BRK.B
397,BRKL
398,BRKR
399,BRKS
400,BRO
401,BRS
402,BRSS
403,BRX
404,BSET
405,BSF
406,BSFT
407,BSRR
408,BSTC
409,BSX
410,BTU
411,BTX
412,BUFF
413,BURL
414,BUSE
415,BV
416,BW
417,BWA
418,BWFG
419,BWINB
420,BWLD
421,BWXT
422,BXP
423,BXS
424,BYD
425,BZH
426,C
427,CA
428,CAA
429,CAB
430,CABO
431,CAC
432,CACC
433,CACI
434,CACQ
435,CADE
436,CAG
437,CAH
438,CAI
439,CAKE
440,CAL
441,CALA
442,CALD
443,CALM
444,CALX
445,CAMP
446,CAR
447,CARA
448,CARB
449,CARO
450,CARS
451,CASC
452,CASH
453,CASS
454,CASY
455,CAT
456,CATM
457,CATO
458,CATY
459,CAVM
460,CB
461,CBB
462,CBF
463,CBG
464,CBI
465,CBL
466,CBM
467,CBOE
468,CBPX
469,CBRL
470,CBS
471,CBSH
472,CBT
473,CBU
474,CBZ
475,CC
476,CCBG
477,CCC
478,CCF
479,CCI
480,CCK
481,CCL
482,CCMP
483,CCN
484,CCNE
485,CCO
486,CCOI
487,CCP
488,CCRN
489,CCS
490,CCXI
491,CDE
492,CDEV
493,CDK
494,CDNS
495,CDR
496,CDW
497,CDXS
498,CDZI
499,CE
500,CECE
501,CECO
502,CELG
503,CEMP
504,CENT
505,CENTA
506,CENX
507,CERN
508,CERS
509,CETV
510,CEVA
511,CF
512,CFFI
513,CFFN
514,CFG
515,CFI
516,CFMS
517,CFNB
518,CFR
519,CFX
520,CGNX
521,CHCO
522,CHCT
523,CHD
524,CHDN
525,CHE
526,CHEF
527,CHFC
528,CHFN
529,CHGG
530,CHH
531,CHK
532,CHMG
533,CHMI
534,CHRS
535,CHRW
536,CHS
537,CHSP
538,CHTR
539,CHUBA
540,CHUBK
541,CHUY
542,CI
543,CIA
544,CIEN
545,CIM
546,CINF
547,CIO
548,CIR
549,CIT
550,CIVB
551,CIVI
552,CIX
553,CJ
554,CKH
555,CL
556,CLCT
557,CLD
558,CLDR
559,CLDT
560,CLDX
561,CLF
562,CLFD
563,CLGX
564,CLH
565,CLI
566,CLNE
567,CLNS
568,CLPR
569,CLR
570,CLSD
571,CLVS
572,CLW
573,CLX
574,CMA
575,CMC
576,CMCO
577,CMCSA
578,CMD
579,CME
580,CMG
581,CMI
582,CMO
583,CMP
584,CMPR
585,CMRE
586,CMRX
587,CMS
588,CMT
589,CMTL
590,CNA
591,CNAT
592,CNBKA
593,CNC
594,CNCE
595,CNDT
596,CNK
597,CNMD
598,CNO
599,CNOB
600,CNP
601,CNS
602,CNSL
603,CNTY
604,CNX
605,CNXN
606,COBZ
607,COF
608,COG
609,COGT
610,COH
611,COHR
612,COHU
613,COKE
614,COL
615,COLB
616,COLL
617,COLM
618,COMM
619,CONE
620,CONN
621,COO
622,COP
623,COR
624,CORE
625,CORI
626,CORR
627,CORT
628,COST
629,COTV
630,COTY
631,COUP
632,COWN
633,CPA
634,CPB
635,CPE
636,CPF
637,CPK
638,CPLA
639,CPN
640,CPRT
641,CPRX
642,CPS
643,CPSI
644,CPT
645,CR
646,CRAI
647,CRAY
648,CRBP
649,CRC
650,CRCM
651,CRD.B
652,CREE
653,CRI
654,CRIS
655,CRL
656,CRM
657,CRMT
658,CROX
659,CRR
660,CRS
661,CRUS
662,CRVL
663,CRVS
664,CRY
665,CRZO
666,CSBK
667,CSCO
668,CSFL
669,CSGP
670,CSGS
671,CSII
672,CSL
673,CSLT
674,CSOD
675,CSRA
676,CSS
677,CST
678,CSTE
679,CSTR
680,CSU
681,CSV
682,CSWI
683,CSX
684,CTAS
685,CTB
686,CTBI
687,CTL
688,CTLT
689,CTMX
690,CTO
691,CTRE
692,CTRL
693,CTRN
694,CTS
695,CTSH
696,CTT
697,CTWS
698,CTXS
699,CUB
700,CUBE
701,CUBI
702,CUBN
703,CUDA
704,CUNB
705,CUTR
706,CUZ
707,CVA
708,CVBF
709,CVCO
710,CVCY
711,CVG
712,CVGI
713,CVGW
714,CVI
715,CVLT
716,CVLY
717,CVNA
718,CVRS
719,CVS
720,CVTI
721,CVX
722,CW
723,CWCO
724,CWH
725,CWST
726,CWT
727,CXO
728,CXP
729,CXW
730,CY
731,CYBE
732,CYH
733,CYS
734,CYTK
735,CZNC
736,CZR
737,D
738,DAKT
739,DAL
740,DAN
741,DAR
742,DATA
743,DBD
744,DCI
745,DCO
746,DCOM
747,DCT
748,DD
749,DDD
750,DDR
751,DDS
752,DE
753,DEA
754,DECK
755,DEI
756,DEL
757,DENN
758,DEPO
759,DERM
760,DF
761,DFIN
762,DFRG
763,DFS
764,DFT
765,DG
766,DGAS
767,DGI
768,DGICA
769,DGII
770,DGX
771,DHI
772,DHIL
773,DHR
774,DHT
775,DHX
776,DIN
777,DIOD
778,DIS
779,DISCA
780,DISCK
781,DISH
782,DJCO
783,DK
784,DKS
785,DLA
786,DLB
787,DLPH
788,DLR
789,DLTH
790,DLTR
791,DLX
792,DMRC
793,DNB
794,DNBF
795,DNKN
796,DNOW
797,DNR
798,DO
799,DOC
800,DOOR
801,DORM
802,DOV
803,DOW
804,DOX
805,DPLO
806,DPS
807,DPZ
808,DRE
809,DRH
810,DRI
811,DRQ
812,DRRX
813,DS
814,DSKE
815,DSPG
816,DST
817,DSW
818,DTE
819,DUK
820,DVA
821,DVAX
822,DVMT
823,DVN
824,DX
825,DXC
826,DXCM
827,DXPE
828,DY
829,DYN
830,EA
831,EARN
832,EAT
833,EBAY
834,EBF
835,EBIX
836,EBS
837,EBSB
838,EBTC
839,ECHO
840,ECL
841,ECOL
842,ECOM
843,ECPG
844,ECR
845,ED
846,EDGE
847,EDIT
848,EDR
849,EE
850,EEFT
851,EEX
852,EFII
853,EFSC
854,EFX
855,EGBN
856,EGHT
857,EGL
858,EGLE
859,EGN
860,EGOV
861,EGP
862,EGRX
863,EHTH
864,EIG
865,EIGI
866,EIX
867,EL
868,ELF
869,ELGX
870,ELLI
871,ELS
872,ELVT
873,ELY
874,EMCI
875,EME
876,EMKR
877,EML
878,EMN
879,EMR
880,ENDP
881,ENFC
882,ENOC
883,ENR
884,ENS
885,ENSG
886,ENT
887,ENTA
888,ENTG
889,ENTL
890,ENV
891,ENVA
892,ENZ
893,EOG
894,EPAM
895,EPAY
896,EPC
897,EPE
898,EPM
899,EPR
900,EPZM
901,EQBK
902,EQC
903,EQIX
904,EQR
905,EQT
906,ERA
907,ERI
908,ERIE
909,ERII
910,EROS
911,ES
912,ESCA
913,ESE
914,ESGR
915,ESIO
916,ESL
917,ESND
918,ESNT
919,ESPR
920,ESRT
921,ESRX
922,ESS
923,ESSA
924,ESTE
925,ESV
926,ESXB
927,ETFC
928,ETH
929,ETM
930,ETN
931,ETR
932,ETSY
933,EV
934,EVBG
935,EVBN
936,EVC
937,EVH
938,EVHC
939,EVI
940,EVR
941,EVRI
942,EVTC
943,EW
944,EWBC
945,EXA
946,EXAC
947,EXAS
948,EXC
949,EXEL
950,EXLS
951,EXP
952,EXPD
953,EXPE
954,EXPO
955,EXPR
956,EXR
957,EXTN
958,EXTR
959,EXXI
960,EZPW
961,F
962,FAF
963,FANG
964,FARM
965,FARO
966,FAST
967,FATE
968,FB
969,FBC
970,FBHS
971,FBIO
972,FBIZ
973,FBK
974,FBM
975,FBMS
976,FBNC
977,FBNK
978,FBP
979,FC
980,FCB
981,FCBC
982,FCE.A
983,FCF
984,FCFP
985,FCFS
986,FCH
987,FCN
988,FCNCA
989,FCPT
990,FCX
991,FDC
992,FDEF
993,FDP
994,FDS
995,FDX
996,FE
997,FELE
998,FET
999,FEYE
1000,FF
1001,FFBC
1002,FFG
1003,FFIC
1004,FFIN
1005,FFIV
1006,FFKT
1007,FFNW
1008,FFWM
1009,FGBI
1010,FGEN
1011,FGL
1012,FHB
1013,FHN
1014,FI
1015,FIBK
1016,FICO
1017,FII
1018,FINL
1019,FIS
1020,FISI
1021,FISV
1022,FIT
1023,FITB
1024,FIVE
1025,FIVN
1026,FIX
1027,FIZZ
1028,FL
1029,FLDM
1030,FLIC
1031,FLIR
1032,FLO
1033,FLOW
1034,FLR
1035,FLS
1036,FLT
1037,FLWS
1038,FLXN
1039,FLXS
1040,FMAO
1041,FMBH
1042,FMBI
1043,FMC
1044,FMI
1045,FMNB
1046,FMSA
1047,FN
1048,FNB
1049,FNBG
1050,FND
1051,FNF
1052,FNFV
1053,FNGN
1054,FNHC
1055,FNLC
1056,FNSR
1057,FNWB
1058,FOE
1059,FOGO
1060,FOLD
1061,FONR
1062,FOR
1063,FORM
1064,FORR
1065,FOSL
1066,FOX
1067,FOXA
1068,FOXF
1069,FPI
1070,FPO
1071,FPRX
1072,FR
1073,FRAC
1074,FRAN
1075,FRBK
1076,FRC
1077,FRED
1078,FRGI
1079,FRME
1080,FRO
1081,FRP
1082,FRPH
1083,FRPT
1084,FRT
1085,FRTA
1086,FSAM
1087,FSB
1088,FSLR
1089,FSP
1090,FSS
1091,FSTR
1092,FTD
1093,FTK
1094,FTNT
1095,FTR
1096,FTV
1097,FUEL
1098,FUL
1099,FULT
1100,FWONA
1101,FWONK
1102,FWRD
1103,G
1104,GABC
1105,GAIA
1106,GATX
1107,GBCI
1108,GBL
1109,GBLI
1110,GBNK
1111,GBT
1112,GBX
1113,GCAP
1114,GCBC
1115,GCI
1116,GCO
1117,GCP
1118,GD
1119,GDDY
1120,GDEN
1121,GDI
1122,GDOT
1123,GE
1124,GEF
1125,GEF.B
1126,GEN
1127,GENC
1128,GEO
1129,GEOS
1130,GERN
1131,GES
1132,GFF
1133,GGG
1134,GGP
1135,GHC
1136,GHDX
1137,GHL
1138,GHM
1139,GIFI
1140,GIII
1141,GILD
1142,GIMO
1143,GIS
1144,GKOS
1145,GLBL
1146,GLDD
1147,GLNG
1148,GLOG
1149,GLPI
1150,GLRE
1151,GLT
1152,GLUU
1153,GLW
1154,GM
1155,GME
1156,GMED
1157,GMRE
1158,GMS
1159,GNBC
1160,GNC
1161,GNCA
1162,GNCMA
1163,GNE
1164,GNK
1165,GNL
1166,GNMK
1167,GNRC
1168,GNRT
1169,GNTX
1170,GNTY
1171,GNW
1172,GOGO
1173,GOLF
1174,GOOD
1175,GOOG
1176,GOOGL
1177,GORO
1178,GOV
1179,GPC
1180,GPI
1181,GPK
1182,GPN
1183,GPOR
1184,GPRE
1185,GPRO
1186,GPS
1187,GPT
1188,GPX
1189,GRA
1190,GRBK
1191,GRC
1192,GRIF
1193,GRMN
1194,GRPN
1195,GRUB
1196,GS
1197,GSAT
1198,GSBC
1199,GSIT
1200,GSOL
1201,GST
1202,GT
1203,GTLS
1204,GTN
1205,GTS
1206,GTT
1207,GTY
1208,GUID
1209,GVA
1210,GWB
1211,GWR
1212,GWRE
1213,GWRS
1214,GWW
1215,GXP
1216,H
1217,HA
1218,HABT
1219,HAE
1220,HAFC
1221,HAIN
1222,HAL
1223,HALL
1224,HALO
1225,HAS
1226,HASI
1227,HAWK
1228,HAYN
1229,HBAN
1230,HBCP
1231,HBHC
1232,HBI
1233,HBMD
1234,HBNC
1235,HBP
1236,HCA
1237,HCC
1238,HCCI
1239,HCHC
1240,HCI
1241,HCKT
1242,HCN
1243,HCOM
1244,HCP
1245,HCSG
1246,HD
1247,HDNG
1248,HDP
1249,HDS
1250,HDSN
1251,HE
1252,HEES
1253,HEI
1254,HEI.A
1255,HELE
1256,HES
1257,HF
1258,HFC
1259,HFWA
1260,HGV
1261,HHC
1262,HI
1263,HIBB
1264,HIFR
1265,HIFS
1266,HIG
1267,HII
1268,HIIQ
1269,HIL
1270,HIVE
1271,HIW
1272,HK
1273,HL
1274,HLF
1275,HLI
1276,HLIT
1277,HLNE
1278,HLS
1279,HLT
1280,HLX
1281,HMHC
1282,HMN
1283,HMST
1284,HMSY
1285,HMTV
1286,HNH
1287,HNI
1288,HNRG
1289,HOFT
1290,HOG
1291,HOLX
1292,HOMB
1293,HOME
1294,HON
1295,HONE
1296,HOPE
1297,HOV
1298,HP
1299,HPE
1300,HPP
1301,HPQ
1302,HPT
1303,HQY
1304,HR
1305,HRB
1306,HRC
1307,HRG
1308,HRI
1309,HRL
1310,HRS
1311,HRTG
1312,HRTX
1313,HSC
1314,HSIC
1315,HSII
1316,HSKA
1317,HSNI
1318,HST
1319,HSTM
1320,HSY
1321,HT
1322,HTA
1323,HTBI
1324,HTBK
1325,HTH
1326,HTLD
1327,HTLF
1328,HTZ
1329,HUBB
1330,HUBG
1331,HUBS
1332,HUM
1333,HUN
1334,HURC
1335,HURN
1336,HVT
1337,HWKN
1338,HXL
1339,HY
1340,HYH
1341,HZN
1342,HZNP
1343,HZO
1344,I
1345,IAC
1346,IART
1347,IBCP
1348,IBKC
1349,IBKR
1350,IBM
1351,IBOC
1352,IBP
1353,IBTX
1354,ICBK
1355,ICD
1356,ICE
1357,ICFI
1358,ICHR
1359,ICON
1360,ICPT
1361,ICUI
1362,IDA
1363,IDCC
1364,IDRA
1365,IDT
1366,IDTI
1367,IDXX
1368,IESC
1369,IEX
1370,IFF
1371,IGT
1372,IHC
1373,III
1374,IIIN
1375,IIVI
1376,ILG
1377,ILMN
1378,IMAX
1379,IMDZ
1380,IMGN
1381,IMH
1382,IMKTA
1383,IMMR
1384,IMMU
1385,IMPV
1386,INAP
1387,INBK
1388,INCR
1389,INCY
1390,INDB
1391,INFN
1392,INFO
1393,INGN
1394,INGR
1395,INN
1396,INO
1397,INOV
1398,INSE
1399,INSM
1400,INST
1401,INSW
1402,INSY
1403,INT
1404,INTC
1405,INTL
1406,INTU
1407,INVA
1408,INVH
1409,INWK
1410,IONS
1411,IOSP
1412,IP
1413,IPAR
1414,IPCC
1415,IPG
1416,IPGP
1417,IPHI
1418,IPHS
1419,IPI
1420,IPXL
1421,IR
1422,IRBT
1423,IRDM
1424,IRET
1425,IRM
1426,IRT
1427,IRTC
1428,IRWD
1429,ISBC
1430,ISCA
1431,ISRG
1432,ISRL
1433,ISTR
1434,IT
1435,ITCI
1436,ITG
1437,ITGR
1438,ITI
1439,ITIC
1440,ITRI
1441,ITT
1442,ITW
1443,IVAC
1444,IVC
1445,IVR
1446,IVZ
1447,IXYS
1448,JACK
1449,JAG
1450,JAX
1451,JBHT
1452,JBL
1453,JBLU
1454,JBSS
1455,JBT
1456,JCAP
1457,JCI
1458,JCOM
1459,JCP
1460,JEC
1461,JELD
1462,JILL
1463,JJSF
1464,JKHY
1465,JLL
1466,JNCE
1467,JNJ
1468,JNPR
1469,JOE
1470,JONE
1471,JOUT
1472,JPM
1473,JRVR
1474,JUNO
1475,JW.A
1476,JWN
1477,K
1478,KAI
1479,KALU
1480,KAMN
1481,KAR
1482,KATE
1483,KBAL
1484,KBH
1485,KBR
1486,KCG
1487,KE
1488,KEG
1489,KELYA
1490,KEM
1491,KERX
1492,KEX
1493,KEY
1494,KEYS
1495,KEYW
1496,KFRC
1497,KFY
1498,KHC
1499,KIM
1500,KIN
1501,KINS
1502,KIRK
1503,KITE
1504,KLAC
1505,KLDX
1506,KLXI
1507,KMB
1508,KMG
1509,KMI
1510,KMPR
1511,KMT
1512,KMX
1513,KN
1514,KND
1515,KNL
1516,KNSL
1517,KNX
1518,KO
1519,KODK
1520,KOP
1521,KOPN
1522,KORS
1523,KOS
1524,KPTI
1525,KR
1526,KRA
1527,KRC
1528,KREF
1529,KRG
1530,KRNY
1531,KRO
1532,KS
1533,KSS
1534,KSU
1535,KTOS
1536,KTWO
1537,KURA
1538,KVHI
1539,KW
1540,KWR
1541,L
1542,LABL
1543,LAD
1544,LADR
1545,LAMR
1546,LANC
1547,LAUR
1548,LAWS
1549,LAYN
1550,LAZ
1551,LB
1552,LBAI
1553,LBIO
1554,LBRDA
1555,LBRDK
1556,LBY
1557,LC
1558,LCI
1559,LCII
1560,LCNB
1561,LCUT
1562,LDL
1563,LDOS
1564,LDR
1565,LE
1566,LEA
1567,LECO
1568,LEG
1569,LEN
1570,LEN.B
1571,LEXEA
1572,LFGR
1573,LFUS
1574,LGF.A
1575,LGF.B
1576,LGIH
1577,LGND
1578,LH
1579,LHCG
1580,LHO
1581,LII
1582,LIND
1583,LION
1584,LITE
1585,LIVN
1586,LJPC
1587,LKFN
1588,LKQ
1589,LKSD
1590,LL
1591,LLEX
1592,LLL
1593,LLNW
1594,LLY
1595,LM
1596,LMAT
1597,LMIA
1598,LMNR
1599,LMNX
1600,LMOS
1601,LMT
1602,LNC
1603,LNCE
1604,LNDC
1605,LNG
1606,LNN
1607,LNT
1608,LNTH
1609,LOB
1610,LOCO
1611,LOGM
1612,LOPE
1613,LORL
1614,LOW
1615,LOXO
1616,LPG
1617,LPI
1618,LPLA
1619,LPNT
1620,LPSN
1621,LPT
1622,LPX
1623,LQ
1624,LQDT
1625,LRCX
1626,LRN
1627,LSCC
1628,LSI
1629,LSTR
1630,LSXMA
1631,LSXMK
1632,LTC
1633,LTRPA
1634,LTS
1635,LTXB
1636,LUK
1637,LULU
1638,LUV
1639,LVLT
1640,LVNTA
1641,LVS
1642,LW
1643,LWAY
1644,LXP
1645,LXRX
1646,LXU
1647,LYB
1648,LYTS
1649,LYV
1650,LZB
1651,M
1652,MA
1653,MAA
1654,MAC
1655,MACK
1656,MAN
1657,MANH
1658,MANT
1659,MAR
1660,MAS
1661,MASI
1662,MAT
1663,MATW
1664,MATX
1665,MB
1666,MBCN
1667,MBFI
1668,MBI
1669,MBTF
1670,MBUU
1671,MBWM
1672,MC
1673,MCBC
1674,MCD
1675,MCF
1676,MCFT
1677,MCHP
1678,MCK
1679,MCO
1680,MCRB
1681,MCRI
1682,MCRN
1683,MCS
1684,MCY
1685,MD
1686,MDC
1687,MDCA
1688,MDCO
1689,MDGL
1690,MDLY
1691,MDLZ
1692,MDP
1693,MDR
1694,MDRX
1695,MDSO
1696,MDT
1697,MDU
1698,MDXG
1699,MED
1700,MEDP
1701,MEET
1702,MEI
1703,MET
1704,METC
1705,MFA
1706,MFSF
1707,MG
1708,MGEE
1709,MGEN
1710,MGI
1711,MGLN
1712,MGM
1713,MGNX
1714,MGPI
1715,MGRC
1716,MHK
1717,MHLD
1718,MHO
1719,MIC
1720,MIDD
1721,MIK
1722,MINI
1723,MITK
1724,MITT
1725,MJCO
1726,MKC
1727,MKL
1728,MKSI
1729,MKTX
1730,MLAB
1731,MLHR
1732,MLI
1733,MLM
1734,MLP
1735,MLR
1736,MLVF
1737,MMC
1738,MMI
1739,MMM
1740,MMS
1741,MMSI
1742,MNK
1743,MNOV
1744,MNR
1745,MNRO
1746,MNST
1747,MNTA
1748,MO
1749,MOBL
1750,MOD
1751,MODN
1752,MOFG
1753,MOG.A
1754,MOH
1755,MON
1756,MORE
1757,MORN
1758,MOS
1759,MOV
1760,MPAA
1761,MPC
1762,MPO
1763,MPW
1764,MPWR
1765,MPX
1766,MRC
1767,MRCY
1768,MRK
1769,MRLN
1770,MRO
1771,MRT
1772,MRTN
1773,MRVL
1774,MS
1775,MSA
1776,MSBI
1777,MSCC
1778,MSCI
1779,MSEX
1780,MSFG
1781,MSFT
1782,MSG
1783,MSGN
1784,MSI
1785,MSL
1786,MSM
1787,MSTR
1788,MTB
1789,MTCH
1790,MTD
1791,MTDR
1792,MTG
1793,MTGE
1794,MTH
1795,MTN
1796,MTNB
1797,MTOR
1798,MTRN
1799,MTRX
1800,MTSC
1801,MTSI
1802,MTW
1803,MTX
1804,MTZ
1805,MU
1806,MULE
1807,MUR
1808,MUSA
1809,MVIS
1810,MWA
1811,MXIM
1812,MXL
1813,MXWL
1814,MYCC
1815,MYE
1816,MYGN
1817,MYL
1818,MYOK
1819,MYRG
1820,NAME
1821,NANO
1822,NAT
1823,NATH
1824,NATI
1825,NATR
1826,NAV
1827,NAVG
1828,NAVI
1829,NBHC
1830,NBIX
1831,NBL
1832,NBN
1833,NBR
1834,NBTB
1835,NC
1836,NCBS
1837,NCI
1838,NCIT
1839,NCLH
1840,NCMI
1841,NCOM
1842,NCR
1843,NCS
1844,NCSM
1845,NDAQ
1846,NDLS
1847,NDSN
1848,NE
1849,NEE
1850,NEFF
1851,NEM
1852,NEO
1853,NEOG
1854,NEOS
1855,NERV
1856,NEU
1857,NEWM
1858,NEWR
1859,NEWS
1860,NFBK
1861,NFG
1862,NFLX
1863,NFX
1864,NGHC
1865,NGS
1866,NGVC
1867,NGVT
1868,NH
1869,NHC
1870,NHI
1871,NHTC
1872,NI
1873,NJR
1874,NK
1875,NKE
1876,NKSH
1877,NKTR
1878,NL
1879,NLNK
1880,NLS
1881,NLSN
1882,NLY
1883,NM
1884,NMIH
1885,NNA
1886,NNBR
1887,NNI
1888,NNN
1889,NOC
1890,NODK
1891,NOV
1892,NOVT
1893,NOW
1894,NP
1895,NPK
1896,NPO
1897,NPTN
1898,NR
1899,NRCIA
1900,NRE
1901,NRG
1902,NRIM
1903,NRZ
1904,NSA
1905,NSC
1906,NSIT
1907,NSM
1908,NSP
1909,NSR
1910,NSSC
1911,NSTG
1912,NTAP
1913,NTB
1914,NTCT
1915,NTGR
1916,NTLA
1917,NTNX
1918,NTRA
1919,NTRI
1920,NTRS
1921,NUAN
1922,NUE
1923,NUS
1924,NUTR
1925,NUVA
1926,NVAX
1927,NVCR
1928,NVDA
1929,NVEC
1930,NVEE
1931,NVLN
1932,NVR
1933,NVRO
1934,NVTA
1935,NWBI
1936,NWE
1937,NWFL
1938,NWHM
1939,NWL
1940,NWLI
1941,NWN
1942,NWPX
1943,NWS
1944,NWSA
1945,NX
1946,NXEO
1947,NXPI
1948,NXRT
1949,NXST
1950,NXTM
1951,NYCB
1952,NYLD
1953,NYLD.A
1954,NYMT
1955,NYMX
1956,NYNY
1957,NYT
1958,O
1959,OA
1960,OAS
1961,OB
1962,OBLN
1963,OC
1964,OCFC
1965,OCLR
1966,OCN
1967,OCUL
1968,OCX
1969,ODC
1970,ODFL
1971,ODP
1972,OFC
1973,OFED
1974,OFG
1975,OFIX
1976,OFLX
1977,OGE
1978,OGS
1979,OHI
1980,OI
1981,OII
1982,OIS
1983,OKE
1984,OKSB
1985,OKTA
1986,OLBK
1987,OLED
1988,OLLI
1989,OLN
1990,OLP
1991,OMAM
1992,OMC
1993,OMCL
1994,OME
1995,OMER
1996,OMF
1997,OMI
1998,OMN
1999,OMNT
2000,ON
2001,ONB
2002,ONCE
2003,ONDK
2004,ONVO
2005,OOMA
2006,OPB
2007,OPK
2008,OPOF
2009,OPY
2010,ORA
2011,ORBC
2012,ORC
2013,ORCL
2014,ORI
2015,ORIT
2016,ORLY
2017,ORM
2018,ORN
2019,ORRF
2020,OSBC
2021,OSG
2022,OSIS
2023,OSK
2024,OSTK
2025,OSUR
2026,OTIC
2027,OTTR
2028,OUT
2029,OVBC
2030,OVID
2031,OXFD
2032,OXM
2033,OXY
2034,OZRK
2035,P
2036,PACB
2037,PACW
2038,PAG
2039,PAH
2040,PAHC
2041,PANW
2042,PARR
2043,PATK
2044,PAY
2045,PAYC
2046,PAYX
2047,PB
2048,PBCT
2049,PBF
2050,PBH
2051,PBI
2052,PBIP
2053,PBNC
2054,PBPB
2055,PBYI
2056,PCAR
2057,PCBK
2058,PCG
2059,PCH
2060,PCLN
2061,PCMI
2062,PCO
2063,PCRX
2064,PCSB
2065,PCTY
2066,PCYG
2067,PCYO
2068,PDCE
2069,PDCO
2070,PDFS
2071,PDLI
2072,PDM
2073,PDVW
2074,PE
2075,PEB
2076,PEBK
2077,PEBO
2078,PEG
2079,PEGA
2080,PEGI
2081,PEI
2082,PEIX
2083,PEN
2084,PENN
2085,PEP
2086,PERY
2087,PES
2088,PETS
2089,PETX
2090,PF
2091,PFBC
2092,PFBI
2093,PFE
2094,PFG
2095,PFGC
2096,PFIS
2097,PFPT
2098,PFS
2099,PFSI
2100,PG
2101,PGC
2102,PGEM
2103,PGNX
2104,PGR
2105,PGRE
2106,PGTI
2107,PH
2108,PHH
2109,PHIIK
2110,PHM
2111,PHX
2112,PI
2113,PICO
2114,PII
2115,PINC
2116,PIR
2117,PIRS
2118,PJC
2119,PJT
2120,PK
2121,PKBK
2122,PKD
2123,PKE
2124,PKG
2125,PKI
2126,PKOH
2127,PKY
2128,PLAB
2129,PLAY
2130,PLCE
2131,PLD
2132,PLNT
2133,PLOW
2134,PLPC
2135,PLPM
2136,PLSE
2137,PLT
2138,PLUG
2139,PLUS
2140,PLXS
2141,PM
2142,PMBC
2143,PMC
2144,PMT
2145,PMTS
2146,PNC
2147,PNFP
2148,PNK
2149,PNM
2150,PNR
2151,PNRA
2152,PNW
2153,PODD
2154,POL
2155,POOL
2156,POR
2157,POST
2158,POWI
2159,POWL
2160,PPBI
2161,PPC
2162,PPG
2163,PPL
2164,PRA
2165,PRAA
2166,PRAH
2167,PRFT
2168,PRGO
2169,PRGS
2170,PRI
2171,PRIM
2172,PRK
2173,PRLB
2174,PRMW
2175,PRO
2176,PROV
2177,PRSC
2178,PRTA
2179,PRTK
2180,PRTY
2181,PRU
2182,PRXL
2183,PSA
2184,PSB
2185,PSDO
2186,PSMT
2187,PSTB
2188,PSTG
2189,PSX
2190,PTC
2191,PTCT
2192,PTEN
2193,PTGX
2194,PTHN
2195,PTLA
2196,PUB
2197,PUMP
2198,PVAC
2199,PVBC
2200,PVH
2201,PWOD
2202,PWR
2203,PX
2204,PXD
2205,PXLW
2206,PYPL
2207,PZN
2208,PZZA
2209,Q
2210,QADA
2211,QCOM
2212,QCP
2213,QCRH
2214,QDEL
2215,QEP
2216,QGEN
2217,QLYS
2218,QNST
2219,QRVO
2220,QSII
2221,QTM
2222,QTNA
2223,QTNT
2224,QTS
2225,QTWO
2226,QUAD
2227,QUOT
2228,QVCA
2229,R
2230,RAD
2231,RAI
2232,RAIL
2233,RARE
2234,RARX
2235,RAS
2236,RATE
2237,RAVN
2238,RBC
2239,RBCAA
2240,RCII
2241,RCL
2242,RCM
2243,RDC
2244,RDI
2245,RDN
2246,RDNT
2247,RDUS
2248,RE
2249,RECN
2250,REG
2251,REGI
2252,REGN
2253,REI
2254,REIS
2255,REN
2256,REPH
2257,RES
2258,RESI
2259,RETA
2260,REV
2261,REVG
2262,REX
2263,REXR
2264,RF
2265,RGA
2266,RGC
2267,RGCO
2268,RGEN
2269,RGLD
2270,RGNX
2271,RGR
2272,RGS
2273,RH
2274,RHI
2275,RHP
2276,RHT
2277,RICE
2278,RICK
2279,RIG
2280,RIGL
2281,RILY
2282,RJF
2283,RL
2284,RLGT
2285,RLGY
2286,RLH
2287,RLI
2288,RLJ
2289,RM
2290,RMAX
2291,RMBS
2292,RMD
2293,RMR
2294,RMTI
2295,RNET
2296,RNG
2297,RNR
2298,RNST
2299,RNWK
2300,ROCK
2301,ROG
2302,ROIC
2303,ROK
2304,ROL
2305,ROLL
2306,ROP
2307,ROSE
2308,ROST
2309,ROX
2310,RP
2311,RPAI
2312,RPD
2313,RPM
2314,RPT
2315,RPXC
2316,RRC
2317,RRD
2318,RRGB
2319,RRR
2320,RRTS
2321,RS
2322,RSG
2323,RSO
2324,RSPP
2325,RST
2326,RSYS
2327,RT
2328,RTEC
2329,RTIX
2330,RTN
2331,RTRX
2332,RUBI
2333,RUN
2334,RUSHA
2335,RUSHB
2336,RUTH
2337,RVLT
2338,RVNC
2339,RVSB
2340,RWT
2341,RXDX
2342,RXN
2343,RYAM
2344,RYI
2345,RYN
2346,S
2347,SABR
2348,SAFM
2349,SAFT
2350,SAGE
2351,SAH
2352,SAIA
2353,SAIC
2354,SALM
2355,SALT
2356,SAM
2357,SAMG
2358,SANM
2359,SASR
2360,SATS
2361,SAVE
2362,SB
2363,SBAC
2364,SBBP
2365,SBCF
2366,SBCP
2367,SBGI
2368,SBH
2369,SBNY
2370,SBOW
2371,SBRA
2372,SBSI
2373,SBUX
2374,SC
2375,SCCO
2376,SCG
2377,SCHL
2378,SCHN
2379,SCHW
2380,SCI
2381,SCL
2382,SCLN
2383,SCMP
2384,SCS
2385,SCSC
2386,SCSS
2387,SCVL
2388,SCWX
2389,SD
2390,SEAS
2391,SEB
2392,SEE
2393,SEIC
2394,SELB
2395,SEM
2396,SEMG
2397,SENEA
2398,SERV
2399,SF
2400,SFBS
2401,SFE
2402,SFL
2403,SFLY
2404,SFM
2405,SFNC
2406,SFR
2407,SFS
2408,SFST
2409,SGA
2410,SGBK
2411,SGC
2412,SGEN
2413,SGMO
2414,SGMS
2415,SGRY
2416,SGY
2417,SGYP
2418,SHAK
2419,SHBI
2420,SHEN
2421,SHLD
2422,SHLM
2423,SHLO
2424,SHO
2425,SHOO
2426,SHOR
2427,SHW
2428,SIEN
2429,SIFI
2430,SIG
2431,SIGI
2432,SIGM
2433,SIR
2434,SIRI
2435,SITE
2436,SIVB
2437,SIX
2438,SJI
2439,SJM
2440,SJW
2441,SKT
2442,SKX
2443,SKYW
2444,SLAB
2445,SLB
2446,SLCA
2447,SLD
2448,SLG
2449,SLGN
2450,SLM
2451,SLP
2452,SM
2453,SMBC
2454,SMBK
2455,SMCI
2456,SMG
2457,SMHI
2458,SMMF
2459,SMP
2460,SMTC
2461,SN
2462,SNA
2463,SNBC
2464,SNC
2465,SNCR
2466,SND
2467,SNDR
2468,SNDX
2469,SNH
2470,SNHY
2471,SNI
2472,SNOW
2473,SNPS
2474,SNR
2475,SNV
2476,SNX
2477,SO
2478,SOI
2479,SON
2480,SONA
2481,SONC
2482,SONS
2483,SP
2484,SPA
2485,SPAR
2486,SPB
2487,SPG
2488,SPGI
2489,SPKE
2490,SPLK
2491,SPLS
2492,SPN
2493,SPNC
2494,SPOK
2495,SPPI
2496,SPR
2497,SPSC
2498,SPTN
2499,SPWH
2500,SPWR
2501,SPXC
2502,SQ
2503,SQBG
2504,SR
2505,SRC
2506,SRCE
2507,SRCI
2508,SRCL
2509,SRDX
2510,SRE
2511,SREV
2512,SRG
2513,SRI
2514,SRPT
2515,SRT
2516,SSB
2517,SSD
2518,SSNC
2519,SSNI
2520,SSP
2521,SSTK
2522,SSYS
2523,ST
2524,STAA
2525,STAG
2526,STAR
2527,STAY
2528,STBA
2529,STBZ
2530,STC
2531,STE
2532,STFC
2533,STI
2534,STL
2535,STLD
2536,STML
2537,STMP
2538,STNG
2539,STOR
2540,STRA
2541,STRL
2542,STRP
2543,STRS
2544,STS
2545,STT
2546,STWD
2547,STZ
2548,SUI
2549,SUM
2550,SUP
2551,SUPN
2552,SVU
2553,SWFT
2554,SWK
2555,SWKS
2556,SWM
2557,SWN
2558,SWX
2559,SXC
2560,SXI
2561,SXT
2562,SYBT
2563,SYF
2564,SYK
2565,SYKE
2566,SYMC
2567,SYNA
2568,SYNT
2569,SYRS
2570,SYX
2571,SYY
2572,T
2573,TACO
2574,TAHO
2575,TAP
2576,TAST
2577,TAX
2578,TBBK
2579,TBI
2580,TBK
2581,TBNK
2582,TBPH
2583,TCBI
2584,TCBK
2585,TCF
2586,TCFC
2587,TCI
2588,TCMD
2589,TCO
2590,TCS
2591,TCX
2592,TDC
2593,TDG
2594,TDOC
2595,TDS
2596,TDY
2597,TEAM
2598,TECD
2599,TECH
2600,TELL
2601,TEN
2602,TER
2603,TERP
2604,TESO
2605,TEX
2606,TFSL
2607,TFX
2608,TG
2609,TGH
2610,TGI
2611,TGNA
2612,TGT
2613,TGTX
2614,THC
2615,THFF
2616,THG
2617,THO
2618,THR
2619,THRM
2620,THS
2621,TIER
2622,TIF
2623,TILE
2624,TIME
2625,TIPT
2626,TIS
2627,TISI
2628,TITN
2629,TIVO
2630,TJX
2631,TK
2632,TKR
2633,TLGT
2634,TLRD
2635,TLYS
2636,TMHC
2637,TMK
2638,TMO
2639,TMP
2640,TMST
2641,TMUS
2642,TNAV
2643,TNC
2644,TNET
2645,TNK
2646,TOCA
2647,TOL
2648,TOWN
2649,TOWR
2650,TPB
2651,TPC
2652,TPH
2653,TPHS
2654,TPIC
2655,TPRE
2656,TPX
2657,TR
2658,TRC
2659,TRCB
2660,TRCO
2661,TREC
2662,TREE
2663,TREX
2664,TRGP
2665,TRHC
2666,TRIP
2667,TRK
2668,TRMB
2669,TRMK
2670,TRN
2671,TRNC
2672,TRNO
2673,TROW
2674,TROX
2675,TRS
2676,TRST
2677,TRTN
2678,TRU
2679,TRUE
2680,TRUP
2681,TRV
2682,TRVN
2683,TSBK
2684,TSC
2685,TSCO
2686,TSE
2687,TSLA
2688,TSN
2689,TSO
2690,TSQ
2691,TSRO
2692,TSS
2693,TTC
2694,TTD
2695,TTEC
2696,TTEK
2697,TTGT
2698,TTI
2699,TTMI
2700,TTPH
2701,TTS
2702,TTWO
2703,TUP
2704,TUSK
2705,TVPT
2706,TVTY
2707,TWI
2708,TWIN
2709,TWLO
2710,TWNK
2711,TWO
2712,TWOU
2713,TWTR
2714,TWX
2715,TXMD
2716,TXN
2717,TXRH
2718,TXT
2719,TYL
2720,TYPE
2721,UA
2722,UAA
2723,UAL
2724,UBA
2725,UBFO
2726,UBNK
2727,UBNT
2728,UBSH
2729,UBSI
2730,UCBI
2731,UCFC
2732,UCP
2733,UCTT
2734,UDR
2735,UE
2736,UEC
2737,UEIC
2738,UFCS
2739,UFI
2740,UFPI
2741,UFPT
2742,UFS
2743,UGI
2744,UHAL
2745,UHS
2746,UHT
2747,UIHC
2748,UIS
2749,ULH
2750,ULTA
2751,ULTI
2752,UMBF
2753,UMH
2754,UMPQ
2755,UNB
2756,UNF
2757,UNFI
2758,UNH
2759,UNIT
2760,UNM
2761,UNP
2762,UNT
2763,UNTY
2764,UNVR
2765,UPL
2766,UPLD
2767,UPS
2768,URBN
2769,URI
2770,USAT
2771,USB
2772,USCR
2773,USFD
2774,USG
2775,USLM
2776,USM
2777,USNA
2778,USPH
2779,UTHR
2780,UTL
2781,UTMD
2782,UTX
2783,UVE
2784,UVSP
2785,UVV
2786,V
2787,VAC
2788,VALU
2789,VAR
2790,VBIV
2791,VBTX
2792,VC
2793,VCRA
2794,VCYT
2795,VDSI
2796,VEC
2797,VECO
2798,VEEV
2799,VER
2800,VERI
2801,VFC
2802,VG
2803,VGR
2804,VHC
2805,VHI
2806,VIA
2807,VIAB
2808,VIAV
2809,VICR
2810,VIRT
2811,VIVE
2812,VIVO
2813,VLGEA
2814,VLO
2815,VLY
2816,VMC
2817,VMI
2818,VMW
2819,VNDA
2820,VNO
2821,VNTV
2822,VOXX
2823,VOYA
2824,VPG
2825,VR
2826,VRA
2827,VRAY
2828,VREX
2829,VRNS
2830,VRNT
2831,VRS
2832,VRSK
2833,VRSN
2834,VRTS
2835,VRTU
2836,VRTV
2837,VRTX
2838,VSAR
2839,VSAT
2840,VSEC
2841,VSH
2842,VSI
2843,VSLR
2844,VSM
2845,VST
2846,VSTO
2847,VTR
2848,VTVT
2849,VVC
2850,VVI
2851,VVV
2852,VWR
2853,VYGR
2854,VZ
2855,W
2856,WAAS
2857,WAB
2858,WABC
2859,WAFD
2860,WAGE
2861,WAIR
2862,WAL
2863,WASH
2864,WAT
2865,WATT
2866,WBA
2867,WBC
2868,WBMD
2869,WBS
2870,WBT
2871,WCC
2872,WCG
2873,WD
2874,WDAY
2875,WDC
2876,WDFC
2877,WDR
2878,WEB
2879,WEC
2880,WEN
2881,WERN
2882,WETF
2883,WEX
2884,WEYS
2885,WFBI
2886,WFC
2887,WFM
2888,WFT
2889,WG
2890,WGL
2891,WGO
2892,WHG
2893,WHR
2894,WIFI
2895,WIN
2896,WINA
2897,WING
2898,WINS
2899,WIRE
2900,WK
2901,WLB
2902,WLDN
2903,WLFC
2904,WLH
2905,WLK
2906,WLL
2907,WLTW
2908,WM
2909,WMAR
2910,WMB
2911,WMC
2912,WMGI
2913,WMIH
2914,WMK
2915,WMS
2916,WMT
2917,WNC
2918,WNEB
2919,WOOF
2920,WOR
2921,WPC
2922,WPG
2923,WPX
2924,WR
2925,WRB
2926,WRD
2927,WRE
2928,WRI
2929,WRK
2930,WRLD
2931,WSBC
2932,WSBF
2933,WSFS
2934,WSM
2935,WSO
2936,WSR
2937,WST
2938,WSTC
2939,WTBA
2940,WTFC
2941,WTI
2942,WTM
2943,WTR
2944,WTS
2945,WTTR
2946,WTW
2947,WU
2948,WVE
2949,WWD
2950,WWE
2951,WWW
2952,WY
2953,WYN
2954,WYNN
2955,X
2956,XBIT
2957,XBKS
2958,XCRA
2959,XEC
2960,XEL
2961,XENT
2962,XHR
2963,XL
2964,XLNX
2965,XLRN
2966,XNCR
2967,XOG
2968,XOM
2969,XON
2970,XONE
2971,XOXO
2972,XPER
2973,XPO
2974,XRAY
2975,XRX
2976,XTLY
2977,XYL
2978,Y
2979,YELP
2980,YEXT
2981,YORW
2982,YRCW
2983,YUM
2984,YUMC
2985,Z
2986,ZAGG
2987,ZAYO
2988,ZBH
2989,ZBRA
2990,ZEN
2991,ZEUS
2992,ZG
2993,ZGNX
2994,ZION
2995,ZIOP
2996,ZIXI
2997,ZNGA
2998,ZOES
2999,ZTS
3000,ZUMZ
3001,ZYNE
